Abdoul;Produk C
Abdoul;Produk A
Abdoul;Produk G
Abdoul;Produk C
Ade;Produk A
Ade;Produk B
Ade;Produk E
Ade;Produk G
Ade;Produk F
Ade;Produk A
Ade;Produk D
Ade;Produk F
Ade;Produk E
Ade;Produk D
Ade;Produk A
Ade;Produk E
Adegoke;Produk F
Adegoke;Produk E
Adegoke;Produk B
Adegoke;Produk D
Adegoke;Produk F
Adegoke;Produk G
Adegoke;Produk B
Adegoke;Produk C
Adegoke;Produk A
Adegoke;Produk A
Axzab;Produk B
Axzab;Produk F
Axzab;Produk B
Axzab;Produk A
Axzab;Produk D
Axzab;Produk B
Axzab;Produk F
Axzab;Produk C
Axzab;Produk G
Axzab;Produk D
Axzab;Produk G
Bluaxia;Produk D
Bluaxia;Produk D
Bluaxia;Produk G
Bluaxia;Produk B
Bluaxia;Produk G
Bluaxia;Produk F
Bluaxia;Produk G
Bluaxia;Produk F
Bluaxia;Produk A
Bluaxia;Produk C
Bluaxia;Produk F
Bluaxia;Produk B
Boubacar;Produk C
Boubacar;Produk G
Boubacar;Produk B
Boubacar;Produk G
Boubacar;Produk G
Boubacar;Produk A
Bzayan;Produk G
Bzayan;Produk E
Bzayan;Produk F
Bzayan;Produk C
Bzayan;Produk E
Bzayan;Produk C
Bzayan;Produk G
Bzayan;Produk B
Bzayan;Produk B
Bzayan;Produk E
Bzayan;Produk A
Bzayan;Produk G
Bzayan;Produk D
Bzayan;Produk F
Bzayan;Produk G
Bzayan;Produk D
Bzayan;Produk D
Chi;Produk C
Chi;Produk E
Chi;Produk G
Chi;Produk G
Chi;Produk B
Chi;Produk F
Chinweuba;Produk G
Chinweuba;Produk F
Chinweuba;Produk B
Chinweuba;Produk D
Chinweuba;Produk F
Chinweuba;Produk B
Chinweuba;Produk D
Chuo;Produk G
Chuo;Produk B
Chuo;Produk D
Chuo;Produk D
Chuo;Produk B
Chuo;Produk E
Chuo;Produk A
Cuphulien;Produk A
Cuphulien;Produk E
Cuphulien;Produk E
Cuphulien;Produk D
Cuphulien;Produk A
Cuphulien;Produk G
Cuphulien;Produk B
Cuphulien;Produk G
Cuphulien;Produk D
Cuphulien;Produk A
Dejen;Produk B
Dejen;Produk E
Dejen;Produk A
Dejen;Produk D
Doux;Produk D
Doux;Produk C
Doux;Produk G
Doux;Produk A
Doux;Produk B
Doux;Produk E
Doux;Produk B
Doux;Produk A
Doux;Produk C
Dubaku;Produk B
Dubaku;Produk D
Dubaku;Produk F
Dubaku;Produk D
Dubaku;Produk B
Dubaku;Produk B
Ekyboo;Produk G
Ekyboo;Produk G
Ekyboo;Produk E
Ekyboo;Produk F
Ekyboo;Produk E
Ekyboo;Produk A
Ekyboo;Produk F
Ekyboo;Produk A
Ekyboo;Produk G
Ekyboo;Produk F
Ekyboo;Produk E
Ekyboo;Produk A
Eniola;Produk E
Eniola;Produk B
Eniola;Produk E
Evii;Produk B
Evii;Produk D
Evii;Produk C
Evii;Produk E
Evii;Produk B
Evii;Produk E
Evii;Produk D
Evii;Produk C
Evii;Produk E
Evii;Produk B
Ezii;Produk E
Ezii;Produk D
Ezii;Produk C
Ezii;Produk G
Ezii;Produk D
Ezii;Produk G
Ezii;Produk C
Ezii;Produk E
Gaggada;Produk F
Gaggada;Produk G
Gaggada;Produk B
Gaggada;Produk A
Gaggada;Produk F
Gaggada;Produk F
Gaggada;Produk A
Gaggada;Produk C
Gaggada;Produk B
Gaggada;Produk C
Gaggada;Produk D
Gaggada;Produk E
Ganizani;Produk F
Ganizani;Produk D
Ganizani;Produk D
Ganizani;Produk F
Ganizani;Produk D
Ganizani;Produk E
Ganizani;Produk D
Ganizani;Produk A
Ganizani;Produk E
Gar;Produk F
Gar;Produk B
Gar;Produk E
Gar;Produk C
Gar;Produk E
Gar;Produk F
Glite;Produk D
Glite;Produk C
Glite;Produk G
Glite;Produk B
Glite;Produk E
Glite;Produk E
Glite;Produk G
Gnuci;Produk D
Gnuci;Produk E
Gnuci;Produk F
Gnuci;Produk F
Gnuci;Produk E
Gnuci;Produk B
Gnuci;Produk G
Hoosnestrond;Produk G
Hoosnestrond;Produk C
Hoosnestrond;Produk E
Hoosnestrond;Produk A
Idoob;Produk F
Idoob;Produk E
Idoob;Produk F
Idoob;Produk D
Idoob;Produk F
Idoob;Produk B
Ixoim;Produk G
Ixoim;Produk F
Ixoim;Produk C
Ixoim;Produk G
Ixoim;Produk D
Ixoim;Produk G
Ixoim;Produk B
Ixoim;Produk B
Jeingzou;Produk G
Jeingzou;Produk C
Jeingzou;Produk E
Jeingzou;Produk C
Jeingzou;Produk D
Jeingzou;Produk B
Jeingzou;Produk F
Jeingzou;Produk B
Jeingzou;Produk C
Jeingzou;Produk A
Kamau;Produk E
Kamau;Produk C
Kamau;Produk F
Kamau;Produk D
Kayin;Produk E
Kayin;Produk E
Kayin;Produk D
Khimma;Produk D
Khimma;Produk D
Khimma;Produk G
Khimma;Produk E
Khimma;Produk F
Khimma;Produk A
Khimma;Produk C
Khimma;Produk C
Khimma;Produk C
Khimma;Produk A
Khimma;Produk B
Kunju;Produk D
Kunju;Produk B
Kunju;Produk C
Kunju;Produk D
Kunju;Produk D
Kunju;Produk G
Kunju;Produk B
Kunju;Produk D
Kunju;Produk E
Meefgaib;Produk E
Meefgaib;Produk E
Meefgaib;Produk F
Meefgaib;Produk B
Moes;Produk F
Moes;Produk E
Moes;Produk G
Moes;Produk G
Moes;Produk D
Moes;Produk A
Mudiwa;Produk D
Mudiwa;Produk C
Mudiwa;Produk B
Mudiwa;Produk F
Mudiwa;Produk D
Mudiwa;Produk D
Mudiwa;Produk E
Mudiwa;Produk B
Mudiwa;Produk B
Mudiwa;Produk F
Mygneo;Produk F
Mygneo;Produk C
Mygneo;Produk F
Mygneo;Produk E
Mygneo;Produk A
Mygneo;Produk E
Mygneo;Produk A
Mygneo;Produk B
Mygneo;Produk F
Mygneo;Produk F
Mygneo;Produk G
Mygneo;Produk B
Mygneo;Produk F
Mygneo;Produk G
Mygneo;Produk C
Mygneo;Produk E
Nah;Produk D
Nah;Produk C
Nah;Produk B
Nah;Produk E
Nah;Produk E
Nah;Produk A
Nah;Produk B
Nah;Produk E
Nah;Produk E
Nah;Produk D
Nah;Produk D
Nah;Produk D
Nah;Produk C
Noshom;Produk E
Noshom;Produk C
Noshom;Produk C
Noshom;Produk B
Noshom;Produk B
Noshom;Produk B
Noshom;Produk C
Noshom;Produk E
Noshom;Produk E
Okafor;Produk G
Okafor;Produk D
Okafor;Produk E
Okafor;Produk E
Okafor;Produk E
Okafor;Produk F
Okafor;Produk G
Okafor;Produk F
Olabode;Produk B
Olabode;Produk D
Olabode;Produk B
Olabode;Produk G
Olabode;Produk B
Olabode;Produk C
Oozu;Produk E
Oozu;Produk A
Oozu;Produk D
Oozu;Produk E
Oozu;Produk D
Oozu;Produk E
Oozu;Produk A
Oozu;Produk G
Oozu;Produk C
Ousmane;Produk A
Ousmane;Produk F
Ousmane;Produk E
Ousmane;Produk G
Ousmane;Produk E
Ousmane;Produk E
Ousmane;Produk D
Ousmane;Produk E
Qayug;Produk C
Qayug;Produk D
Qayug;Produk E
Qayug;Produk A
Qayug;Produk G
Qayug;Produk F
Saazteec;Produk D
Saazteec;Produk G
Saazteec;Produk E
Saazteec;Produk G
Saazteec;Produk G
Saazteec;Produk E
Saazteec;Produk D
Saazteec;Produk A
Saazteec;Produk D
Saazteec;Produk C
Safluvis;Produk B
Safluvis;Produk F
Safluvis;Produk E
Safluvis;Produk D
Safluvis;Produk G
Safluvis;Produk G
Safluvis;Produk E
Shashou;Produk B
Shashou;Produk C
Shashou;Produk C
Shashou;Produk B
Shashou;Produk A
Shashou;Produk G
Taurai;Produk C
Taurai;Produk F
Taurai;Produk D
Taurai;Produk B
Taurai;Produk G
Taurai;Produk E
Taurai;Produk D
Tepmuvapp;Produk B
Tepmuvapp;Produk D
Tepmuvapp;Produk G
Tepmuvapp;Produk E
Tepmuvapp;Produk F
Tepmuvapp;Produk D
Tepmuvapp;Produk D
Tepmuvapp;Produk E
Tepmuvapp;Produk C
Tepmuvapp;Produk A
Tepmuvapp;Produk D
Tepmuvapp;Produk A
Thauzhash;Produk D
Thauzhash;Produk D
Thauzhash;Produk E
Thauzhash;Produk A
Thauzhash;Produk F
Thauzhash;Produk D
Thauzhash;Produk C
Thauzhash;Produk A
Thauzhash;Produk E
Thauzhash;Produk C
Thauzhash;Produk F
Thauzhash;Produk A
Thokozani;Produk F
Thokozani;Produk F
Thokozani;Produk A
Thokozani;Produk F
Thokozani;Produk E
Thokozani;Produk G
Tichaona;Produk D
Tichaona;Produk A
Tichaona;Produk A
Tichaona;Produk A
Tichaona;Produk C
Tichaona;Produk C
Tichaona;Produk D
Tichaona;Produk E
Tichaona;Produk C
Tichaona;Produk C
Tichaona;Produk A
Tichaona;Produk C
Tichaona;Produk A
Ufuoma;Produk C
Ufuoma;Produk C
Ufuoma;Produk A
Ufuoma;Produk F
Ufuoma;Produk B
Ufuoma;Produk E
Ufuoma;Produk A
Ufuoma;Produk A
Usah;Produk C
Usah;Produk F
Usah;Produk C
Usah;Produk F
Usah;Produk E
Usah;Produk C
Usah;Produk F
Wevishar;Produk F
Wevishar;Produk E
Wevishar;Produk G
Wevishar;Produk E
Wevishar;Produk G
Wevishar;Produk G
Wevishar;Produk C
Wevishar;Produk G
Wevishar;Produk F
Wiati;Produk E
Wiati;Produk D
Wiati;Produk F
Wiati;Produk F
Wiati;Produk G
Wiati;Produk A
Wiati;Produk B
Wiati;Produk C
Wiati;Produk B
Wiati;Produk F
Wiati;Produk B
Yinoh;Produk A
Yinoh;Produk B
Yinoh;Produk A
Yinoh;Produk C
Yinoh;Produk B
